Network,Alpha2code,Region,City
 188.248.100.0/24,SA,SA-01,Riyadh
 188.248.101.0/24,SA,SA-01,Riyadh
 188.248.102.0/24,SA,SA-01,Riyadh
188.248.31.0/24젨젨젨젨젨젨젨 ,SA,SA-01,Riyadh
 188.248.103.0/24,SA,SA-01,Riyadh
 188.248.105.0/24,SA,SA-01,Riyadh
 188.248.106.0/24,SA,SA-01,Riyadh
 188.248.107.0/24,SA,SA-01,Riyadh
 188.248.108.0/24,SA,SA-01,Riyadh
 188.248.109.0/24,SA,SA-01,Riyadh
 188.248.110.0/24,SA,SA-01,Riyadh
 188.248.111.0/24,SA,SA-01,Riyadh
 188.248.112.0/24,SA,SA-01,Riyadh
 188.248.113.0/24,SA,SA-01,Riyadh
 188.248.114.0/24,SA,SA-01,Riyadh
 188.248.115.0/24,SA,SA-01,Riyadh
 188.248.116.0/24,SA,SA-01,Riyadh
 188.248.117.0/24,SA,SA-01,Riyadh
 188.248.118.0/24,SA,SA-01,Riyadh
 188.248.119.0/24,SA,SA-01,Riyadh
 188.248.120.0/24,SA,SA-01,Riyadh
 188.248.121.0/24,SA,SA-01,Riyadh
 188.248.122.0/24,SA,SA-01,Riyadh
 188.248.123.0/24,SA,SA-01,Riyadh
 188.248.124.0/24,SA,SA-01,Riyadh
 188.248.125.0/24,SA,SA-01,Riyadh
 188.248.126.0/24,SA,SA-01,Riyadh
 188.248.127.0/24,SA,SA-01,Riyadh
 188.248.128.0/24,SA,SA-01,Riyadh
 188.248.129.0/24,SA,SA-01,Riyadh
 188.248.130.0/24,SA,SA-01,Riyadh
 188.248.131.0/24,SA,SA-01,Riyadh
 188.248.133.0/24,SA,SA-01,Riyadh
 188.248.134.0/24,SA,SA-01,Riyadh
 188.248.135.0/24,SA,SA-01,Riyadh
 188.248.136.0/24,SA,SA-01,Riyadh
 188.248.137.0/24,SA,SA-01,Riyadh
 188.248.138.0/24,SA,SA-01,Riyadh
 188.248.139.0/24,SA,SA-01,Riyadh
 188.248.140.0/24,SA,SA-01,Riyadh
 188.248.141.0/24,SA,SA-01,Riyadh
 188.248.142.0/24,SA,SA-01,Riyadh
 188.248.143.0/24,SA,SA-01,Riyadh
 188.248.144.0/24,SA,SA-01,Riyadh
 188.248.145.0/24,SA,SA-01,Riyadh
 188.248.146.0/24,SA,SA-01,Riyadh
 188.248.147.0/24,SA,SA-01,Riyadh
 188.248.148.0/24,SA,SA-01,Riyadh
 188.248.149.0/24,SA,SA-01,Riyadh
 188.248.150.0/24,SA,SA-01,Riyadh
 188.248.151.0/24,SA,SA-01,Riyadh
 188.248.152.0/24,SA,SA-01,Riyadh
 188.248.153.0/24,SA,SA-01,Riyadh
 188.248.154.0/24,SA,SA-01,Riyadh
 188.248.156.0/24,SA,SA-01,Riyadh
 188.248.157.0/24,SA,SA-01,Riyadh
 188.248.158.0/24,SA,SA-01,Riyadh
 188.248.159.0/24,SA,SA-01,Riyadh
 188.248.160.0/24,SA,SA-01,Riyadh
 188.248.161.0/24,SA,SA-01,Riyadh
 188.248.162.0/24,SA,SA-01,Riyadh
 188.248.163.0/24,SA,SA-01,Riyadh
 188.248.164.0/24,SA,SA-01,Riyadh
 188.248.165.0/24,SA,SA-01,Riyadh
 188.248.166.0/24,SA,SA-01,Riyadh
 188.248.167.0/24,SA,SA-01,Riyadh
 188.248.168.0/24,SA,SA-01,Riyadh
 188.248.169.0/24,SA,SA-01,Riyadh
 188.248.171.0/24,SA,SA-01,Riyadh
 188.248.172.0/24,SA,SA-01,Riyadh
 188.248.173.0/24,SA,SA-01,Riyadh
 188.248.174.0/24,SA,SA-01,Riyadh
 188.248.175.0/24,SA,SA-01,Riyadh
 188.248.176.0/24,SA,SA-01,Riyadh
 188.248.179.0/24,SA,SA-01,Riyadh
 188.248.183.0/24,SA,SA-01,Riyadh
 188.248.184.0/24,SA,SA-01,Riyadh
 188.248.185.0/24,SA,SA-01,Riyadh
 188.248.187.0/24,SA,SA-01,Riyadh
 188.248.190.0/24,SA,SA-01,Riyadh
 188.248.191.0/24,SA,SA-01,Riyadh
 188.248.208.0/24,SA,SA-01,Riyadh
 188.248.209.0/24,SA,SA-01,Riyadh
 188.248.210.0/24,SA,SA-01,Riyadh
 188.248.211.0/24,SA,SA-01,Riyadh
 188.248.212.0/24,SA,SA-01,Riyadh
 188.248.213.0/24,SA,SA-01,Riyadh
 188.248.214.0/24,SA,SA-01,Riyadh
 188.248.215.0/24,SA,SA-01,Riyadh
 188.248.227.0/24,SA,SA-01,Riyadh
 188.248.64.0/24,SA,SA-01,Riyadh
 188.248.65.0/24,SA,SA-01,Riyadh
 188.248.66.0/24,SA,SA-01,Riyadh
 188.248.67.0/24,SA,SA-01,Riyadh
 188.248.68.0/24,SA,SA-01,Riyadh
 188.248.69.0/24,SA,SA-01,Riyadh
 188.248.70.0/24,SA,SA-01,Riyadh
 188.248.71.0/24,SA,SA-01,Riyadh
 188.248.72.0/24,SA,SA-01,Riyadh
 188.248.73.0/24,SA,SA-01,Riyadh
 188.248.74.0/24,SA,SA-01,Riyadh
 188.248.75.0/24,SA,SA-01,Riyadh
 188.248.76.0/24,SA,SA-01,Riyadh
 188.248.77.0/24,SA,SA-01,Riyadh
 188.248.78.0/24,SA,SA-01,Riyadh
 188.248.79.0/24,SA,SA-01,Riyadh
 188.248.80.0/24,SA,SA-01,Riyadh
 188.248.82.0/24,SA,SA-01,Riyadh
 188.248.83.0/24,SA,SA-01,Riyadh
 188.248.84.0/24,SA,SA-01,Riyadh
 188.248.85.0/24,SA,SA-01,Riyadh
 188.248.86.0/24,SA,SA-01,Riyadh
 188.248.87.0/24,SA,SA-01,Riyadh
 188.248.88.0/24,SA,SA-01,Riyadh
 188.248.89.0/24,SA,SA-01,Riyadh
 188.248.90.0/24,SA,SA-01,Riyadh
 188.248.91.0/24,SA,SA-01,Riyadh
 188.248.92.0/24,SA,SA-01,Riyadh
 188.248.93.0/24,SA,SA-01,Riyadh
 188.248.94.0/24,SA,SA-01,Riyadh
 188.248.95.0/24,SA,SA-01,Riyadh
 188.248.96.0/24,SA,SA-01,Riyadh
 188.248.97.0/24,SA,SA-01,Riyadh
 188.248.98.0/24,SA,SA-01,Riyadh
 188.248.99.0/24,SA,SA-01,Riyadh
 188.249.160.0/24,SA,SA-01,Riyadh
 188.249.161.0/24,SA,SA-01,Riyadh
 188.249.162.0/24,SA,SA-01,Riyadh
 188.249.163.0/24,SA,SA-01,Riyadh
 188.249.164.0/24,SA,SA-01,Riyadh
 188.249.165.0/24,SA,SA-01,Riyadh
 188.249.166.0/24,SA,SA-01,Riyadh
 188.249.168.0/24,SA,SA-01,Riyadh
 188.249.169.0/24,SA,SA-01,Riyadh
 188.249.170.0/24,SA,SA-01,Riyadh
 188.249.171.0/24,SA,SA-01,Riyadh
 188.249.172.0/24,SA,SA-01,Riyadh
 188.249.173.0/24,SA,SA-01,Riyadh
 188.249.174.0/24,SA,SA-01,Riyadh
 188.249.175.0/24,SA,SA-01,Riyadh
 188.249.193.0/24,SA,SA-01,Riyadh
 188.249.194.0/24,SA,SA-01,Riyadh
 188.249.195.0/24,SA,SA-01,Riyadh
 188.249.196.0/24,SA,SA-01,Riyadh
 188.249.197.0/24,SA,SA-01,Riyadh
 188.249.198.0/24,SA,SA-01,Riyadh
 188.249.199.0/24,SA,SA-01,Riyadh
 188.249.200.0/24,SA,SA-01,Riyadh
 188.249.201.0/24,SA,SA-01,Riyadh
 188.249.202.0/24,SA,SA-01,Riyadh
 188.249.203.0/24,SA,SA-01,Riyadh
 188.249.204.0/24,SA,SA-01,Riyadh
 188.249.205.0/24,SA,SA-01,Riyadh
 188.249.206.0/24,SA,SA-01,Riyadh
 188.249.207.0/24,SA,SA-01,Riyadh
 46.184.65.0/24,SA,SA-01,Riyadh
 46.184.66.0/24,SA,SA-01,Riyadh
188.248.104.0/24,SA,SA-01,Riyadh
188.248.132.0/24,SA,SA-01,Riyadh
188.248.155.0/24,SA,SA-01,Riyadh
188.248.170.0/24,SA,SA-01,Riyadh
188.248.180.0/24,SA,SA-01,Riyadh
188.248.200.0/24,SA,SA-01,Riyadh
188.248.81.0/24,SA,SA-01,Riyadh
188.249.167.0/24,SA,SA-01,Riyadh
188.249.192.0/24,SA,SA-01,Riyadh
46.184.64.0/24,SA,SA-01,Riyadh
 188.248.219.0/24,SA,SA-01,Riyadh
 188.248.220.0/24,SA,SA-01,Riyadh
 188.248.221.0/24,SA,SA-01,Riyadh
 188.248.222.0/24,SA,SA-01,Riyadh
 188.248.223.0/24,SA,SA-01,Riyadh
 188.248.224.0/24,SA,SA-01,Riyadh
 188.248.225.0/24,SA,SA-01,Riyadh
 188.248.226.0/24,SA,SA-01,Riyadh
 46.184.62.0/24,SA,SA-01,Riyadh
 46.184.63.0/24,SA,SA-01,Riyadh
 46.184.67.0/24,SA,SA-01,Riyadh
 94.77.217.0/24,SA,SA-01,Riyadh
 94.77.219.0/24,SA,SA-01,Riyadh
 94.77.221.0/24,SA,SA-01,Riyadh
 94.77.223.0/24,SA,SA-01,Riyadh
 94.77.229.0/24,SA,SA-01,Riyadh
188.249.125.0/24,SA,SA-01,Riyadh
188.249.121.0/24,SA,SA-01,Riyadh
188.249.123.0/24,SA,SA-01,Riyadh
94.77.242.0/24,SA,SA-01,Riyadh
46.184.61.0/24,SA,SA-01,Riyadh
46.184.57.0/24,SA,SA-01,Riyadh
46.184.59.0/24,SA,SA-01,Riyadh
188.249.128.0/24,SA,SA-01,Riyadh
188.249.129.0/24,SA,SA-01,Riyadh
188.249.130.0/24,SA,SA-01,Riyadh
188.249.131.0/24,SA,SA-01,Riyadh
188.249.132.0/24,SA,SA-01,Riyadh
188.249.133.0/24,SA,SA-01,Riyadh
188.249.134.0/24,SA,SA-01,Riyadh
188.249.135.0/24,SA,SA-01,Riyadh
188.249.136.0/24,SA,SA-01,Riyadh
188.249.137.0/24,SA,SA-01,Riyadh
188.249.138.0/24,SA,SA-01,Riyadh
188.249.139.0/24,SA,SA-01,Riyadh
188.249.140.0/24,SA,SA-01,Riyadh
188.249.141.0/24,SA,SA-01,Riyadh
188.249.142.0/24,SA,SA-01,Riyadh
188.249.143.0/24,SA,SA-01,Riyadh
188.249.144.0/24,SA,SA-01,Riyadh
188.249.145.0/24,SA,SA-01,Riyadh
188.249.146.0/24,SA,SA-01,Riyadh
188.249.147.0/24,SA,SA-01,Riyadh
188.249.148.0/24,SA,SA-01,Riyadh
188.249.149.0/24,SA,SA-01,Riyadh
188.249.150.0/24,SA,SA-01,Riyadh
188.249.151.0/24,SA,SA-01,Riyadh
188.249.152.0/24,SA,SA-01,Riyadh
188.249.153.0/24,SA,SA-01,Riyadh
188.249.154.0/24,SA,SA-01,Riyadh
188.249.155.0/24,SA,SA-01,Riyadh
188.249.156.0/24,SA,SA-01,Riyadh
188.249.157.0/24,SA,SA-01,Riyadh
188.249.158.0/24,SA,SA-01,Riyadh
188.249.159.0/24,SA,SA-01,Riyadh
188.249.224.0/24,SA,SA-01,Riyadh
188.249.225.0/24,SA,SA-01,Riyadh
188.249.226.0/24,SA,SA-01,Riyadh
188.249.227.0/24,SA,SA-01,Riyadh
188.249.228.0/24,SA,SA-01,Riyadh
188.249.229.0/24,SA,SA-01,Riyadh
188.249.230.0/24,SA,SA-01,Riyadh
188.249.231.0/24,SA,SA-01,Riyadh
188.249.232.0/24,SA,SA-01,Riyadh
188.249.233.0/24,SA,SA-01,Riyadh
188.249.234.0/24,SA,SA-01,Riyadh
188.249.235.0/24,SA,SA-01,Riyadh
188.249.236.0/24,SA,SA-01,Riyadh
188.249.237.0/24,SA,SA-01,Riyadh
188.249.238.0/24,SA,SA-01,Riyadh
188.249.239.0/24,SA,SA-01,Riyadh
188.249.240.0/24,SA,SA-01,Riyadh
188.249.241.0/24,SA,SA-01,Riyadh
188.249.242.0/24,SA,SA-01,Riyadh
188.249.243.0/24,SA,SA-01,Riyadh
188.249.244.0/24,SA,SA-01,Riyadh
188.249.245.0/24,SA,SA-01,Riyadh
188.249.246.0/24,SA,SA-01,Riyadh
188.249.247.0/24,SA,SA-01,Riyadh
188.249.248.0/24,SA,SA-01,Riyadh
188.249.249.0/24,SA,SA-01,Riyadh
188.249.250.0/24,SA,SA-01,Riyadh
188.249.251.0/24,SA,SA-01,Riyadh
188.249.252.0/24,SA,SA-01,Riyadh
188.249.253.0/24,SA,SA-01,Riyadh
188.249.254.0/24,SA,SA-01,Riyadh
188.249.255.0/24,SA,SA-01,Riyadh
188.249.120.0/24,SA,SA-02,Western
188.249.121.0/24,SA,SA-02,Western
188.249.122.0/24,SA,SA-02,Western
188.249.123.0/24,SA,SA-02,Western
188.249.124.0/24,SA,SA-02,Western
188.249.125.0/24,SA,SA-02,Western
94.77.240.0/24,SA,SA-02,Western
94.77.241.0/24,SA,SA-02,Western
94.77.242.0/24,SA,SA-02,Western
94.77.243.0/24,SA,SA-02,Western
94.77.244.0/24,SA,SA-02,Western
94.77.245.0/24,SA,SA-02,Western
188.249.100.0/24,SA,SA-02,Western
188.249.101.0/24,SA,SA-02,Western
188.249.102.0/24,SA,SA-02,Western
188.249.115.0/24,SA,SA-02,Western
188.249.128.0/24,SA,SA-02,Western
188.249.129.0/24,SA,SA-02,Western
188.249.130.0/24,SA,SA-02,Western
188.249.131.0/24,SA,SA-02,Western
188.249.132.0/24,SA,SA-02,Western
188.249.133.0/24,SA,SA-02,Western
188.249.134.0/24,SA,SA-02,Western
188.249.135.0/24,SA,SA-02,Western
188.249.136.0/24,SA,SA-02,Western
188.249.137.0/24,SA,SA-02,Western
188.249.138.0/24,SA,SA-02,Western
188.249.139.0/24,SA,SA-02,Western
188.249.140.0/24,SA,SA-02,Western
188.249.141.0/24,SA,SA-02,Western
188.249.142.0/24,SA,SA-02,Western
188.249.143.0/24,SA,SA-02,Western
188.249.144.0/24,SA,SA-02,Western
188.249.145.0/24,SA,SA-02,Western
188.249.146.0/24,SA,SA-02,Western
188.249.147.0/24,SA,SA-02,Western
188.249.148.0/24,SA,SA-02,Western
188.249.149.0/24,SA,SA-02,Western
188.249.150.0/24,SA,SA-02,Western
188.249.151.0/24,SA,SA-02,Western
188.249.152.0/24,SA,SA-02,Western
188.249.153.0/24,SA,SA-02,Western
188.249.154.0/24,SA,SA-02,Western
188.249.155.0/24,SA,SA-02,Western
188.249.156.0/24,SA,SA-02,Western
188.249.157.0/24,SA,SA-02,Western
188.249.158.0/24,SA,SA-02,Western
188.249.159.0/24,SA,SA-02,Western
188.249.224.0/24,SA,SA-02,Western
188.249.225.0/24,SA,SA-02,Western
188.249.226.0/24,SA,SA-02,Western
188.249.227.0/24,SA,SA-02,Western
188.249.228.0/24,SA,SA-02,Western
188.249.229.0/24,SA,SA-02,Western
188.249.230.0/24,SA,SA-02,Western
188.249.231.0/24,SA,SA-02,Western
188.249.232.0/24,SA,SA-02,Western
188.249.233.0/24,SA,SA-02,Western
188.249.234.0/24,SA,SA-02,Western
188.249.235.0/24,SA,SA-02,Western
188.249.236.0/24,SA,SA-02,Western
188.249.237.0/24,SA,SA-02,Western
188.249.238.0/24,SA,SA-02,Western
188.249.239.0/24,SA,SA-02,Western
188.249.240.0/24,SA,SA-02,Western
188.249.241.0/24,SA,SA-02,Western
188.249.242.0/24,SA,SA-02,Western
188.249.243.0/24,SA,SA-02,Western
188.249.244.0/24,SA,SA-02,Western
188.249.245.0/24,SA,SA-02,Western
188.249.246.0/24,SA,SA-02,Western
188.249.247.0/24,SA,SA-02,Western
188.249.248.0/24,SA,SA-02,Western
188.249.249.0/24,SA,SA-02,Western
188.249.250.0/24,SA,SA-02,Western
188.249.251.0/24,SA,SA-02,Western
188.249.252.0/24,SA,SA-02,Western
188.249.253.0/24,SA,SA-02,Western
188.249.254.0/24,SA,SA-02,Western
188.249.255.0/24,SA,SA-02,Western
188.249.32.0/24,SA,SA-02,Western
188.249.33.0/24,SA,SA-02,Western
188.249.34.0/24,SA,SA-02,Western
188.249.35.0/24,SA,SA-02,Western
188.249.36.0/24,SA,SA-02,Western
188.249.37.0/24,SA,SA-02,Western
188.249.38.0/24,SA,SA-02,Western
188.249.39.0/24,SA,SA-02,Western
188.249.40.0/24,SA,SA-02,Western
188.249.41.0/24,SA,SA-02,Western
188.249.42.0/24,SA,SA-02,Western
188.249.43.0/24,SA,SA-02,Western
188.249.44.0/24,SA,SA-02,Western
188.249.45.0/24,SA,SA-02,Western
188.249.46.0/24,SA,SA-02,Western
188.249.47.0/24,SA,SA-02,Western
188.249.48.0/24,SA,SA-02,Western
188.249.49.0/24,SA,SA-02,Western
188.249.50.0/24,SA,SA-02,Western
188.249.51.0/24,SA,SA-02,Western
188.249.52.0/24,SA,SA-02,Western
188.249.53.0/24,SA,SA-02,Western
188.249.54.0/24,SA,SA-02,Western
188.249.55.0/24,SA,SA-02,Western
188.249.56.0/24,SA,SA-02,Western
188.249.57.0/24,SA,SA-02,Western
188.249.58.0/24,SA,SA-02,Western
188.249.59.0/24,SA,SA-02,Western
188.249.60.0/24,SA,SA-02,Western
188.249.61.0/24,SA,SA-02,Western
188.249.62.0/24,SA,SA-02,Western
188.249.63.0/24,SA,SA-02,Western
188.249.96.0/24,SA,SA-02,Western
188.249.97.0/24,SA,SA-02,Western
188.249.98.0/24,SA,SA-02,Western
188.249.99.0/24,SA,SA-02,Western
46.184.100.0/24,SA,SA-02,Western
46.184.101.0/24,SA,SA-02,Western
46.184.102.0/24,SA,SA-02,Western
46.184.103.0/24,SA,SA-02,Western
46.184.104.0/24,SA,SA-02,Western
46.184.105.0/24,SA,SA-02,Western
46.184.106.0/24,SA,SA-02,Western
46.184.107.0/24,SA,SA-02,Western
46.184.108.0/24,SA,SA-02,Western
46.184.109.0/24,SA,SA-02,Western
46.184.110.0/24,SA,SA-02,Western
46.184.111.0/24,SA,SA-02,Western
46.184.112.0/24,SA,SA-02,Western
46.184.113.0/24,SA,SA-02,Western
46.184.114.0/24,SA,SA-02,Western
46.184.115.0/24,SA,SA-02,Western
46.184.116.0/24,SA,SA-02,Western
46.184.117.0/24,SA,SA-02,Western
46.184.118.0/24,SA,SA-02,Western
46.184.119.0/24,SA,SA-02,Western
46.184.120.0/24,SA,SA-02,Western
46.184.121.0/24,SA,SA-02,Western
46.184.122.0/24,SA,SA-02,Western
46.184.123.0/24,SA,SA-02,Western
46.184.124.0/24,SA,SA-02,Western
46.184.125.0/24,SA,SA-02,Western
46.184.126.0/24,SA,SA-02,Western
46.184.56.0/24,SA,SA-02,Western
46.184.57.0/24,SA,SA-02,Western
46.184.58.0/24,SA,SA-02,Western
46.184.59.0/24,SA,SA-02,Western
46.184.60.0/24,SA,SA-02,Western
46.184.61.0/24,SA,SA-02,Western
46.184.76.0/24,SA,SA-02,Western
46.184.77.0/24,SA,SA-02,Western
46.184.78.0/24,SA,SA-02,Western
46.184.79.0/24,SA,SA-02,Western
46.184.80.0/24,SA,SA-02,Western
46.184.81.0/24,SA,SA-02,Western
46.184.82.0/24,SA,SA-02,Western
46.184.83.0/24,SA,SA-02,Western
46.184.84.0/24,SA,SA-02,Western
46.184.85.0/24,SA,SA-02,Western
46.184.86.0/24,SA,SA-02,Western
46.184.87.0/24,SA,SA-02,Western
46.184.93.0/24,SA,SA-02,Western
46.184.96.0/24,SA,SA-02,Western
46.184.97.0/24,SA,SA-02,Western
46.184.98.0/24,SA,SA-02,Western
46.184.99.0/24,SA,SA-02,Western
188.249.112.0/24,SA,SA-02,Western
188.249.113.0/24,SA,SA-02,Western
188.249.114.0/24,SA,SA-02,Western
188.249.116.0/24,SA,SA-02,Western
188.249.117.0/24,SA,SA-02,Western
188.249.118.0/24,SA,SA-02,Western
188.249.119.0/24,SA,SA-02,Western
188.249.126.0/24,SA,SA-02,Western
188.249.127.0/24,SA,SA-02,Western
94.77.245.0/24,SA,SA-02,Western
94.77.243.0/24,SA,SA-02,Western
94.77.244.0/24,SA,SA-02,Western
94.77.240.0/24,SA,SA-02,Western
46.184.120.0/24,SA,SA-02,Western
46.184.121.0/24,SA,SA-02,Western
46.184.122.0/24,SA,SA-02,Western
46.184.123.0/24,SA,SA-02,Western
46.184.124.0/24,SA,SA-02,Western
46.184.125.0/24,SA,SA-02,Western
46.184.126.0/24,SA,SA-02,Western
46.184.93.0/24,SA,SA-02,Western
46.184.84.0/24,SA,SA-02,Western
46.184.85.0/24,SA,SA-02,Western
46.184.86.0/24,SA,SA-02,Western
46.184.87.0/24,SA,SA-02,Western
188.249.115.0/24,SA,SA-02,Western
46.184.112.0/24,SA,SA-02,Western
46.184.113.0/24,SA,SA-02,Western
46.184.114.0/24,SA,SA-02,Western
46.184.115.0/24,SA,SA-02,Western
46.184.116.0/24,SA,SA-02,Western
46.184.117.0/24,SA,SA-02,Western
46.184.118.0/24,SA,SA-02,Western
46.184.119.0/24,SA,SA-02,Western
46.184.76.0/24,SA,SA-02,Western
46.184.77.0/24,SA,SA-02,Western
46.184.78.0/24,SA,SA-02,Western
46.184.79.0/24,SA,SA-02,Western
46.184.80.0/24,SA,SA-02,Western
46.184.81.0/24,SA,SA-02,Western
46.184.82.0/24,SA,SA-02,Western
46.184.83.0/24,SA,SA-02,Western
188.249.32.0/24,SA,SA-02,Western
188.249.33.0/24,SA,SA-02,Western
188.249.34.0/24,SA,SA-02,Western
188.249.35.0/24,SA,SA-02,Western
188.249.36.0/24,SA,SA-02,Western
188.249.37.0/24,SA,SA-02,Western
188.249.38.0/24,SA,SA-02,Western
188.249.39.0/24,SA,SA-02,Western
188.249.40.0/24,SA,SA-02,Western
188.249.41.0/24,SA,SA-02,Western
188.249.42.0/24,SA,SA-02,Western
188.249.43.0/24,SA,SA-02,Western
188.249.44.0/24,SA,SA-02,Western
188.249.45.0/24,SA,SA-02,Western
188.249.46.0/24,SA,SA-02,Western
188.249.47.0/24,SA,SA-02,Western
188.249.48.0/24,SA,SA-02,Western
188.249.49.0/24,SA,SA-02,Western
188.249.50.0/24,SA,SA-02,Western
188.249.51.0/24,SA,SA-02,Western
188.249.52.0/24,SA,SA-02,Western
188.249.53.0/24,SA,SA-02,Western
188.249.54.0/24,SA,SA-02,Western
188.249.55.0/24,SA,SA-02,Western
188.249.56.0/24,SA,SA-02,Western
188.249.57.0/24,SA,SA-02,Western
188.249.58.0/24,SA,SA-02,Western
188.249.59.0/24,SA,SA-02,Western
188.249.60.0/24,SA,SA-02,Western
188.249.61.0/24,SA,SA-02,Western
188.249.62.0/24,SA,SA-02,Western
188.249.31.0/24젨젨젨젨젨젨젨 ,SA,SA-02,Western
188.249.63.0/24,SA,SA-02,Western
188.249.96.0/24,SA,SA-02,Western
188.249.97.0/24,SA,SA-02,Western
188.249.98.0/24,SA,SA-02,Western
188.249.99.0/24,SA,SA-02,Western
188.249.100.0/24,SA,SA-02,Western
188.249.101.0/24,SA,SA-02,Western
188.249.102.0/24,SA,SA-02,Western
 188.248.177.0/24,SA,SA-04,Eastern
 188.248.178.0/24,SA,SA-04,Eastern
 188.248.181.0/24,SA,SA-04,Eastern
 188.248.182.0/24,SA,SA-04,Eastern
 188.248.186.0/24,SA,SA-04,Eastern
 188.248.188.0/24,SA,SA-04,Eastern
 188.248.189.0/24,SA,SA-04,Eastern
 188.248.192.0/24,SA,SA-04,Eastern
 188.248.193.0/24,SA,SA-04,Eastern
 188.248.194.0/24,SA,SA-04,Eastern
 188.248.195.0/24,SA,SA-04,Eastern
 188.248.196.0/24,SA,SA-04,Eastern
 188.248.197.0/24,SA,SA-04,Eastern
 188.248.198.0/24,SA,SA-04,Eastern
 188.248.199.0/24,SA,SA-04,Eastern
 188.248.200.0/24,SA,SA-04,Eastern
 188.248.201.0/24,SA,SA-04,Eastern
 188.248.202.0/24,SA,SA-04,Eastern
 188.248.203.0/24,SA,SA-04,Eastern
 188.248.204.0/24,SA,SA-04,Eastern
 188.248.205.0/24,SA,SA-04,Eastern
 188.248.206.0/24,SA,SA-04,Eastern
 188.248.207.0/24,SA,SA-04,Eastern
 188.249.208.0/24,SA,SA-04,Eastern
 188.249.209.0/24,SA,SA-04,Eastern
 188.249.210.0/24,SA,SA-04,Eastern
 188.249.211.0/24,SA,SA-04,Eastern
 188.249.212.0/24,SA,SA-04,Eastern
 188.249.213.0/24,SA,SA-04,Eastern
 188.249.214.0/24,SA,SA-04,Eastern
 188.249.215.0/24,SA,SA-04,Eastern
 46.184.48.0/24,SA,SA-04,Eastern
 46.184.49.0/24,SA,SA-04,Eastern
 46.184.50.0/24,SA,SA-04,Eastern
 46.184.51.0/24,SA,SA-04,Eastern
 46.184.52.0/24,SA,SA-04,Eastern
 46.184.53.0/24,SA,SA-04,Eastern
 46.184.54.0/24,SA,SA-04,Eastern
 94.77.220.0/24,SA,SA-04,Eastern
 46.184.55.0/24,SA,SA-04,Eastern
 94.77.222.0/24,SA,SA-04,Eastern
 94.77.216.0/24,SA,SA-04,Eastern
 94.77.218.0/24,SA,SA-04,Eastern
188.249.124.0/24,SA,SA-04,Eastern
188.249.120.0/24,SA,SA-04,Eastern
188.249.122.0/24,SA,SA-04,Eastern
94.77.241.0/24,SA,SA-04,Eastern
46.184.60.0/24,SA,SA-04,Eastern
46.184.56.0/24,SA,SA-04,Eastern
46.184.58.0/24,SA,SA-04,Eastern
46.184.96.0/24,SA,SA-04,Eastern
46.184.97.0/24,SA,SA-04,Eastern
46.184.98.0/24,SA,SA-04,Eastern
46.184.99.0/24,SA,SA-04,Eastern
46.184.100.0/24,SA,SA-04,Eastern
46.184.101.0/24,SA,SA-04,Eastern
46.184.102.0/24,SA,SA-04,Eastern
46.184.103.0/24,SA,SA-04,Eastern
46.184.104.0/24,SA,SA-04,Eastern
46.184.105.0/24,SA,SA-04,Eastern
46.184.106.0/24,SA,SA-04,Eastern
46.184.107.0/24,SA,SA-04,Eastern
46.184.108.0/24,SA,SA-04,Eastern
46.184.109.0/24,SA,SA-04,Eastern
46.184.110.0/24,SA,SA-04,Eastern
46.184.111.0/24,SA,SA-04,Eastern
188.249.124.0/24,SA,SA-04,Eastern
188.249.120.0/24,SA,SA-04,Eastern
188.249.122.0/24,SA,SA-04,Eastern
94.77.241.0/24,SA,SA-04,Eastern
46.184.60.0/24,SA,SA-04,Eastern
46.184.56.0/24,SA,SA-04,Eastern
46.184.58.0/24,SA,SA-04,Eastern
46.184.96.0/24,SA,SA-04,Eastern
46.184.97.0/24,SA,SA-04,Eastern
46.184.98.0/24,SA,SA-04,Eastern
46.184.99.0/24,SA,SA-04,Eastern
46.184.100.0/24,SA,SA-04,Eastern
46.184.101.0/24,SA,SA-04,Eastern
46.184.102.0/24,SA,SA-04,Eastern
46.184.103.0/24,SA,SA-04,Eastern
46.184.104.0/24,SA,SA-04,Eastern
46.184.105.0/24,SA,SA-04,Eastern
46.184.106.0/24,SA,SA-04,Eastern
46.184.107.0/24,SA,SA-04,Eastern
46.184.108.0/24,SA,SA-04,Eastern
46.184.109.0/24,SA,SA-04,Eastern
46.184.110.0/24,SA,SA-04,Eastern
46.184.111.0/24,SA,SA-04,Eastern
