Network,Alpha2code,Region,City,Postal code 
2A02:888:52::/48,SA,SA-01,Riyadh,
2A02:888:55::/64,SA,SA-01,Riyadh,
2A02:888:53::/48,SA,SA-01,Riyadh,
2A02:888:54::/48,SA,SA-01,Riyadh,
2A02:888:44::/48,SA,SA-01,Riyadh,
2A02:888:47::/64,SA,SA-01,Riyadh,
2A02:888:45::/48,SA,SA-01,Riyadh,
2A02:888:46::/48,SA,SA-01,Riyadh,
2A02:888:48::/48,SA,SA-01,Riyadh,
2A02:888:51:1000::/64,SA,SA-01,Riyadh,
2A02:888:49::/48,SA,SA-01,Riyadh,
2A02:888:50::/48,SA,SA-01,Riyadh,
2A02:888:40::/48,SA,SA-01,Riyadh,
2A02:888:43::/64,SA,SA-01,Riyadh,
2A02:888:41::/48,SA,SA-01,Riyadh,
2A02:888:42::/48,SA,SA-01,Riyadh,
2A02:88D:30::/48,SA,SA-01,Riyadh,
2A02:88D:3F::/64,SA,SA-01,Riyadh,
2A02:88D:39::/48,SA,SA-01,Riyadh,
2A02:88D:3A::/48,SA,SA-01,Riyadh,
2A02:88D:3B::/48,SA,SA-01,Riyadh,
2A02:88D:3C::/48,SA,SA-01,Riyadh,
2A02:88D:3D::/48,SA,SA-01,Riyadh,
2A02:88D:3E::/48,SA,SA-01,Riyadh,
2A02:88D:31::/48,SA,SA-01,Riyadh,
2A02:88D:32::/48,SA,SA-01,Riyadh,
2A02:88D:33::/48,SA,SA-01,Riyadh,
2A02:88D:34::/48,SA,SA-01,Riyadh,
2A02:88D:35::/48,SA,SA-01,Riyadh,
2A02:88D:36::/48,SA,SA-01,Riyadh,
2A02:88D:37::/48,SA,SA-01,Riyadh,
2A02:88D:38::/48,SA,SA-01,Riyadh,
2A02:88D:10::/48,SA,SA-01,Riyadh,
2A02:88D:1F::/64,SA,SA-01,Riyadh,
2A02:88D:19::/48,SA,SA-01,Riyadh,
2A02:88D:1A::/48,SA,SA-01,Riyadh,
2A02:88D:1B::/48,SA,SA-01,Riyadh,
2A02:88D:1C::/48,SA,SA-01,Riyadh,
2A02:88D:1D::/48,SA,SA-01,Riyadh,
2A02:88D:1E::/48,SA,SA-01,Riyadh,
2A02:88D:11::/48,SA,SA-01,Riyadh,
2A02:88D:12::/48,SA,SA-01,Riyadh,
2A02:88D:13::/48,SA,SA-01,Riyadh,
2A02:88D:14::/48,SA,SA-01,Riyadh,
2A02:88D:15::/48,SA,SA-01,Riyadh,
2A02:88D:16::/48,SA,SA-01,Riyadh,
2A02:88D:17::/48,SA,SA-01,Riyadh,
2A02:88D:18::/48,SA,SA-01,Riyadh,
2A02:88D:20::/48,SA,SA-01,Riyadh,
2A02:88D:2F::/64,SA,SA-01,Riyadh,
2A02:88D:29::/48,SA,SA-01,Riyadh,
2A02:88D:2A::/48,SA,SA-01,Riyadh,
2A02:88D:2B::/48,SA,SA-01,Riyadh,
2A02:88D:2C::/48,SA,SA-01,Riyadh,
2A02:88D:2D::/48,SA,SA-01,Riyadh,
2A02:88D:2E::/48,SA,SA-01,Riyadh,
2A02:88D:21::/48,SA,SA-01,Riyadh,
2A02:88D:22::/48,SA,SA-01,Riyadh,
2A02:88D:23::/48,SA,SA-01,Riyadh,
2A02:88D:24::/48,SA,SA-01,Riyadh,
2A02:88D:25::/48,SA,SA-01,Riyadh,
2A02:88D:26::/48,SA,SA-01,Riyadh,
2A02:88D:27::/48,SA,SA-01,Riyadh,
2A02:88D:28::/48,SA,SA-01,Riyadh,
2A02:88D::/48,SA,SA-01,Riyadh,
2A02:88D:F::/64,SA,SA-01,Riyadh,
2A02:88D:9::/48,SA,SA-01,Riyadh,
2A02:88D:A::/48,SA,SA-01,Riyadh,
2A02:88D:B::/48,SA,SA-01,Riyadh,
2A02:88D:C::/48,SA,SA-01,Riyadh,
2A02:88D:D::/48,SA,SA-01,Riyadh,
2A02:88D:E::/48,SA,SA-01,Riyadh,
2A02:88D:1::/48,SA,SA-01,Riyadh,
2A02:88D:2::/48,SA,SA-01,Riyadh,
2A02:88D:3::/48,SA,SA-01,Riyadh,
2A02:88D:4::/48,SA,SA-01,Riyadh,
2A02:88D:5::/48,SA,SA-01,Riyadh,
2A02:88D:6::/48,SA,SA-01,Riyadh,
2A02:88D:7::/48,SA,SA-01,Riyadh,
2A02:88D:8::/48,SA,SA-01,Riyadh,
2A02:888:8152::/48,SA,SA-01,Riyadh,
2A02:888:8155::/64,SA,SA-01,Riyadh,
2A02:888:8153::/48,SA,SA-01,Riyadh,
2A02:888:8154::/48,SA,SA-01,Riyadh,
2A02:888:8144::/48,SA,SA-01,Riyadh,
2A02:888:8147::/64,SA,SA-01,Riyadh,
2A02:888:8145::/48,SA,SA-01,Riyadh,
2A02:888:8146::/48,SA,SA-01,Riyadh,
2A02:888:8148::/48,SA,SA-01,Riyadh,
2A02:888:8151::/64,SA,SA-01,Riyadh,
2A02:888:8149::/48,SA,SA-01,Riyadh,
2A02:888:8150::/48,SA,SA-01,Riyadh,
2A02:888:8140::/48,SA,SA-01,Riyadh,
2A02:888:8143::/64,SA,SA-01,Riyadh,
2A02:888:8141::/48,SA,SA-01,Riyadh,
2A02:888:8142::/48,SA,SA-01,Riyadh,
2A02:88D:8130::/48,SA,SA-01,Riyadh,
2A02:88D:813F::/64,SA,SA-01,Riyadh,
2A02:88D:8139::/48,SA,SA-01,Riyadh,
2A02:88D:813A::/48,SA,SA-01,Riyadh,
2A02:88D:813B::/48,SA,SA-01,Riyadh,
2A02:88D:813C::/48,SA,SA-01,Riyadh,
2A02:88D:813D::/48,SA,SA-01,Riyadh,
2A02:88D:813E::/48,SA,SA-01,Riyadh,
2A02:88D:8131::/48,SA,SA-01,Riyadh,
2A02:88D:8132::/48,SA,SA-01,Riyadh,
2A02:88D:8133::/48,SA,SA-01,Riyadh,
2A02:88D:8134::/48,SA,SA-01,Riyadh,
2A02:88D:8135::/48,SA,SA-01,Riyadh,
2A02:88D:8136::/48,SA,SA-01,Riyadh,
2A02:88D:8137::/48,SA,SA-01,Riyadh,
2A02:88D:8138::/48,SA,SA-01,Riyadh,
2A02:88D:8110::/48,SA,SA-01,Riyadh,
2A02:88D:811F::/64,SA,SA-01,Riyadh,
2A02:88D:8119::/48,SA,SA-01,Riyadh,
2A02:88D:811A::/48,SA,SA-01,Riyadh,
2A02:88D:811B::/48,SA,SA-01,Riyadh,
2A02:88D:811C::/48,SA,SA-01,Riyadh,
2A02:88D:811D::/48,SA,SA-01,Riyadh,
2A02:88D:811E::/48,SA,SA-01,Riyadh,
2A02:88D:8111::/48,SA,SA-01,Riyadh,
2A02:88D:8112::/48,SA,SA-01,Riyadh,
2A02:88D:8113::/48,SA,SA-01,Riyadh,
2A02:88D:8114::/48,SA,SA-01,Riyadh,
2A02:88D:8115::/48,SA,SA-01,Riyadh,
2A02:88D:8116::/48,SA,SA-01,Riyadh,
2A02:88D:8117::/48,SA,SA-01,Riyadh,
2A02:88D:8118::/48,SA,SA-01,Riyadh,
2A02:88D:8120::/48,SA,SA-01,Riyadh,
2A02:88D:812F::/64,SA,SA-01,Riyadh,
2A02:88D:8129::/48,SA,SA-01,Riyadh,
2A02:88D:812A::/48,SA,SA-01,Riyadh,
2A02:88D:812B::/48,SA,SA-01,Riyadh,
2A02:88D:812C::/48,SA,SA-01,Riyadh,
2A02:88D:812D::/48,SA,SA-01,Riyadh,
2A02:88D:812E::/48,SA,SA-01,Riyadh,
2A02:88D:8121::/48,SA,SA-01,Riyadh,
2A02:88D:8122::/48,SA,SA-01,Riyadh,
2A02:88D:8123::/48,SA,SA-01,Riyadh,
2A02:88D:8124::/48,SA,SA-01,Riyadh,
2A02:88D:8125::/48,SA,SA-01,Riyadh,
2A02:88D:8126::/48,SA,SA-01,Riyadh,
2A02:88D:8127::/48,SA,SA-01,Riyadh,
2A02:88D:8128::/48,SA,SA-01,Riyadh,
2A02:88D:8100::/48,SA,SA-01,Riyadh,
2A02:88D:810F::/64,SA,SA-01,Riyadh,
2A02:88D:8109::/48,SA,SA-01,Riyadh,
2A02:88D:810A::/48,SA,SA-01,Riyadh,
2A02:88D:810B::/48,SA,SA-01,Riyadh,
2A02:88D:810C::/48,SA,SA-01,Riyadh,
2A02:88D:810D::/48,SA,SA-01,Riyadh,
2A02:88D:810E::/48,SA,SA-01,Riyadh,
2A02:88D:8101::/48,SA,SA-01,Riyadh,
2A02:88D:8102::/48,SA,SA-01,Riyadh,
2A02:88D:8103::/48,SA,SA-01,Riyadh,
2A02:88D:8104::/48,SA,SA-01,Riyadh,
2A02:88D:8105::/48,SA,SA-01,Riyadh,
2A02:88D:8106::/48,SA,SA-01,Riyadh,
2A02:88D:8107::/48,SA,SA-01,Riyadh,
2A02:88D:8108::/48,SA,SA-01,Riyadh,
2A02:888:152::/48,SA,SA-02,Western,
2A02:888:155::/64,SA,SA-02,Western,
2A02:888:153::/48,SA,SA-02,Western,
2A02:888:154::/48,SA,SA-02,Western,
2A02:888:144::/48,SA,SA-02,Western,
2A02:888:147::/64,SA,SA-02,Western,
2A02:888:145::/48,SA,SA-02,Western,
2A02:888:146::/48,SA,SA-02,Western,
2A02:888:148::/48,SA,SA-02,Western,
2A02:888:151::/64,SA,SA-02,Western,
2A02:888:149::/48,SA,SA-02,Western,
2A02:888:150::/48,SA,SA-02,Western,
2A02:888:140::/48,SA,SA-02,Western,
2A02:888:143::/64,SA,SA-02,Western,
2A02:888:141::/48,SA,SA-02,Western,
2A02:888:142::/48,SA,SA-02,Western,
2A02:88D:230::/48,SA,SA-02,Western,
2A02:88D:23F::/64,SA,SA-02,Western,
2A02:88D:239::/48,SA,SA-02,Western,
2A02:88D:23A::/48,SA,SA-02,Western,
2A02:88D:23B::/48,SA,SA-02,Western,
2A02:88D:23C::/48,SA,SA-02,Western,
2A02:88D:23D::/48,SA,SA-02,Western,
2A02:88D:23E::/48,SA,SA-02,Western,
2A02:88D:231::/48,SA,SA-02,Western,
2A02:88D:232::/48,SA,SA-02,Western,
2A02:88D:233::/48,SA,SA-02,Western,
2A02:88D:234::/48,SA,SA-02,Western,
2A02:88D:235::/48,SA,SA-02,Western,
2A02:88D:236::/48,SA,SA-02,Western,
2A02:88D:237::/48,SA,SA-02,Western,
2A02:88D:238::/48,SA,SA-02,Western,
2A02:88D:210::/48,SA,SA-02,Western,
2A02:88D:21F::/64,SA,SA-02,Western,
2A02:88D:219::/48,SA,SA-02,Western,
2A02:88D:21A::/48,SA,SA-02,Western,
2A02:88D:21B::/48,SA,SA-02,Western,
2A02:88D:21C::/48,SA,SA-02,Western,
2A02:88D:21D::/48,SA,SA-02,Western,
2A02:88D:21E::/48,SA,SA-02,Western,
2A02:88D:211::/48,SA,SA-02,Western,
2A02:88D:212::/48,SA,SA-02,Western,
2A02:88D:213::/48,SA,SA-02,Western,
2A02:88D:214::/48,SA,SA-02,Western,
2A02:88D:215::/48,SA,SA-02,Western,
2A02:88D:216::/48,SA,SA-02,Western,
2A02:88D:217::/48,SA,SA-02,Western,
2A02:88D:218::/48,SA,SA-02,Western,
2A02:88D:220::/48,SA,SA-02,Western,
2A02:88D:22F::/64,SA,SA-02,Western,
2A02:88D:229::/48,SA,SA-02,Western,
2A02:88D:22A::/48,SA,SA-02,Western,
2A02:88D:22B::/48,SA,SA-02,Western,
2A02:88D:22C::/48,SA,SA-02,Western,
2A02:88D:22D::/48,SA,SA-02,Western,
2A02:88D:22E::/48,SA,SA-02,Western,
2A02:88D:221::/48,SA,SA-02,Western,
2A02:88D:222::/48,SA,SA-02,Western,
2A02:88D:223::/48,SA,SA-02,Western,
2A02:88D:224::/48,SA,SA-02,Western,
2A02:88D:225::/48,SA,SA-02,Western,
2A02:88D:226::/48,SA,SA-02,Western,
2A02:88D:227::/48,SA,SA-02,Western,
2A02:88D:228::/48,SA,SA-02,Western,
2A02:88D:200::/48,SA,SA-02,Western,
2A02:88D:20F::/64,SA,SA-02,Western,
2A02:88D:209::/48,SA,SA-02,Western,
2A02:88D:20A::/48,SA,SA-02,Western,
2A02:88D:20B::/48,SA,SA-02,Western,
2A02:88D:20C::/48,SA,SA-02,Western,
2A02:88D:20D::/48,SA,SA-02,Western,
2A02:88D:20E::/48,SA,SA-02,Western,
2A02:88D:201::/48,SA,SA-02,Western,
2A02:88D:202::/48,SA,SA-02,Western,
2A02:88D:203::/48,SA,SA-02,Western,
2A02:88D:204::/48,SA,SA-02,Western,
2A02:88D:205::/48,SA,SA-02,Western,
2A02:88D:206::/48,SA,SA-02,Western,
2A02:88D:207::/48,SA,SA-02,Western,
2A02:88D:208::/48,SA,SA-02,Western,
2A02:888:8052::/48,SA,SA-02,Western,
2A02:888:8055::/64,SA,SA-02,Western,
2A02:888:8053::/48,SA,SA-02,Western,
2A02:888:8054::/48,SA,SA-02,Western,
2A02:888:8044::/48,SA,SA-02,Western,
2A02:888:8047::/64,SA,SA-02,Western,
2A02:888:8045::/48,SA,SA-02,Western,
2A02:888:8046::/48,SA,SA-02,Western,
2A02:888:8048::/48,SA,SA-02,Western,
2A02:888:8051::/64,SA,SA-02,Western,
2A02:888:8049::/48,SA,SA-02,Western,
2A02:888:8050::/48,SA,SA-02,Western,
2A02:888:8040::/48,SA,SA-02,Western,
2A02:888:8043::/64,SA,SA-02,Western,
2A02:888:8041::/48,SA,SA-02,Western,
2A02:888:8042::/48,SA,SA-02,Western,
2A02:88D:8030::/48,SA,SA-02,Western,
2A02:88D:803F::/64,SA,SA-02,Western,
2A02:88D:8039::/48,SA,SA-02,Western,
2A02:88D:803A::/48,SA,SA-02,Western,
2A02:88D:803B::/48,SA,SA-02,Western,
2A02:88D:803C::/48,SA,SA-02,Western,
2A02:88D:803D::/48,SA,SA-02,Western,
2A02:88D:803E::/48,SA,SA-02,Western,
2A02:88D:8031::/48,SA,SA-02,Western,
2A02:88D:8032::/48,SA,SA-02,Western,
2A02:88D:8033::/48,SA,SA-02,Western,
2A02:88D:8034::/48,SA,SA-02,Western,
2A02:88D:8035::/48,SA,SA-02,Western,
2A02:88D:8036::/48,SA,SA-02,Western,
2A02:88D:8037::/48,SA,SA-02,Western,
2A02:88D:8038::/48,SA,SA-02,Western,
2A02:88D:8010::/48,SA,SA-02,Western,
2A02:88D:801F::/64,SA,SA-02,Western,
2A02:88D:8019::/48,SA,SA-02,Western,
2A02:88D:801A::/48,SA,SA-02,Western,
2A02:88D:801B::/48,SA,SA-02,Western,
2A02:88D:801C::/48,SA,SA-02,Western,
2A02:88D:801D::/48,SA,SA-02,Western,
2A02:88D:801E::/48,SA,SA-02,Western,
2A02:88D:8011::/48,SA,SA-02,Western,
2A02:88D:8012::/48,SA,SA-02,Western,
2A02:88D:8013::/48,SA,SA-02,Western,
2A02:88D:8014::/48,SA,SA-02,Western,
2A02:88D:8015::/48,SA,SA-02,Western,
2A02:88D:8016::/48,SA,SA-02,Western,
2A02:88D:8017::/48,SA,SA-02,Western,
2A02:88D:8018::/48,SA,SA-02,Western,
2A02:88D:8020::/48,SA,SA-02,Western,
2A02:88D:802F::/64,SA,SA-02,Western,
2A02:88D:8029::/48,SA,SA-02,Western,
2A02:88D:802A::/48,SA,SA-02,Western,
2A02:88D:802B::/48,SA,SA-02,Western,
2A02:88D:802C::/48,SA,SA-02,Western,
2A02:88D:802D::/48,SA,SA-02,Western,
2A02:88D:802E::/48,SA,SA-02,Western,
2A02:88D:8021::/48,SA,SA-02,Western,
2A02:88D:8022::/48,SA,SA-02,Western,
2A02:88D:8023::/48,SA,SA-02,Western,
2A02:88D:8024::/48,SA,SA-02,Western,
2A02:88D:8025::/48,SA,SA-02,Western,
2A02:88D:8026::/48,SA,SA-02,Western,
2A02:88D:8027::/48,SA,SA-02,Western,
2A02:88D:8028::/48,SA,SA-02,Western,
2A02:88D:8000::/48,SA,SA-02,Western,
2A02:88D:800F::/64,SA,SA-02,Western,
2A02:88D:8009::/48,SA,SA-02,Western,
2A02:88D:800A::/48,SA,SA-02,Western,
2A02:88D:800B::/48,SA,SA-02,Western,
2A02:88D:800C::/48,SA,SA-02,Western,
2A02:88D:800D::/48,SA,SA-02,Western,
2A02:88D:800E::/48,SA,SA-02,Western,
2A02:88D:8001::/48,SA,SA-02,Western,
2A02:88D:8002::/48,SA,SA-02,Western,
2A02:88D:8003::/48,SA,SA-02,Western,
2A02:88D:8004::/48,SA,SA-02,Western,
2A02:88D:8005::/48,SA,SA-02,Western,
2A02:88D:8006::/48,SA,SA-02,Western,
2A02:88D:8007::/48,SA,SA-02,Western,
2A02:88D:8008::/48,SA,SA-02,Western,
2A02:888:4052::/64,SA,SA-04,Eastern,
2A02:888:4053::/48,SA,SA-04,Eastern,
2A02:888:4054::/48,SA,SA-04,Eastern,
2A02:888:4055::/64,SA,SA-04,Eastern,
2A02:888:4044::/48,SA,SA-04,Eastern,
2A02:888:4047::/64,SA,SA-04,Eastern,
2A02:888:4045::/48,SA,SA-04,Eastern,
2A02:888:4046::/48,SA,SA-04,Eastern,
2A02:888:4048::/48,SA,SA-04,Eastern,
2A02:888:4051::/64,SA,SA-04,Eastern,
2A02:888:4049::/48,SA,SA-04,Eastern,
2A02:888:4050::/48,SA,SA-04,Eastern,
2A02:888:4040::/48,SA,SA-04,Eastern,
2A02:888:4043::/64,SA,SA-04,Eastern,
2A02:888:4041::/48,SA,SA-04,Eastern,
2A02:888:4042::/48,SA,SA-04,Eastern,
2A02:88D:4030::/48,SA,SA-04,Eastern,
2A02:88D:403F::/64,SA,SA-04,Eastern,
2A02:88D:4039::/48,SA,SA-04,Eastern,
2A02:88D:403A::/48,SA,SA-04,Eastern,
2A02:88D:403B::/48,SA,SA-04,Eastern,
2A02:88D:403C::/48,SA,SA-04,Eastern,
2A02:88D:403D::/48,SA,SA-04,Eastern,
2A02:88D:403E::/48,SA,SA-04,Eastern,
2A02:88D:4031::/48,SA,SA-04,Eastern,
2A02:88D:4032::/48,SA,SA-04,Eastern,
2A02:88D:4033::/48,SA,SA-04,Eastern,
2A02:88D:4034::/48,SA,SA-04,Eastern,
2A02:88D:4035::/48,SA,SA-04,Eastern,
2A02:88D:4036::/48,SA,SA-04,Eastern,
2A02:88D:4037::/48,SA,SA-04,Eastern,
2A02:88D:4038::/48,SA,SA-04,Eastern,
2A02:88D:4010::/48,SA,SA-04,Eastern,
2A02:88D:401F::/64,SA,SA-04,Eastern,
2A02:88D:4019::/48,SA,SA-04,Eastern,
2A02:88D:401A::/48,SA,SA-04,Eastern,
2A02:88D:401B::/48,SA,SA-04,Eastern,
2A02:88D:401C::/48,SA,SA-04,Eastern,
2A02:88D:401D::/48,SA,SA-04,Eastern,
2A02:88D:401E::/48,SA,SA-04,Eastern,
2A02:88D:4011::/48,SA,SA-04,Eastern,
2A02:88D:4012::/48,SA,SA-04,Eastern,
2A02:88D:4013::/48,SA,SA-04,Eastern,
2A02:88D:4014::/48,SA,SA-04,Eastern,
2A02:88D:4015::/48,SA,SA-04,Eastern,
2A02:88D:4016::/48,SA,SA-04,Eastern,
2A02:88D:4017::/48,SA,SA-04,Eastern,
2A02:88D:4018::/48,SA,SA-04,Eastern,
2A02:88D:4020::/48,SA,SA-04,Eastern,
2A02:88D:402F::/64,SA,SA-04,Eastern,
2A02:88D:4029::/48,SA,SA-04,Eastern,
2A02:88D:402A::/48,SA,SA-04,Eastern,
2A02:88D:402B::/48,SA,SA-04,Eastern,
2A02:88D:402C::/48,SA,SA-04,Eastern,
2A02:88D:402D::/48,SA,SA-04,Eastern,
2A02:88D:402E::/48,SA,SA-04,Eastern,
2A02:88D:4021::/48,SA,SA-04,Eastern,
2A02:88D:4022::/48,SA,SA-04,Eastern,
2A02:88D:4023::/48,SA,SA-04,Eastern,
2A02:88D:4024::/48,SA,SA-04,Eastern,
2A02:88D:4025::/48,SA,SA-04,Eastern,
2A02:88D:4026::/48,SA,SA-04,Eastern,
2A02:88D:4027::/48,SA,SA-04,Eastern,
2A02:88D:4028::/48,SA,SA-04,Eastern,
2A02:88D:4000::/48,SA,SA-04,Eastern,
2A02:88D:400F::/64,SA,SA-04,Eastern,
2A02:88D:4009::/48,SA,SA-04,Eastern,
2A02:88D:400A::/48,SA,SA-04,Eastern,
2A02:88D:400B::/48,SA,SA-04,Eastern,
2A02:88D:400C::/48,SA,SA-04,Eastern,
2A02:88D:400D::/48,SA,SA-04,Eastern,
2A02:88D:400E::/48,SA,SA-04,Eastern,
2A02:88D:4001::/48,SA,SA-04,Eastern,
2A02:88D:4002::/48,SA,SA-04,Eastern,
2A02:88D:4003::/48,SA,SA-04,Eastern,
2A02:88D:4004::/48,SA,SA-04,Eastern,
2A02:88D:4005::/48,SA,SA-04,Eastern,
2A02:88D:4006::/48,SA,SA-04,Eastern,
2A02:88D:4007::/48,SA,SA-04,Eastern,
2A02:88D:4008::/48,SA,SA-04,Eastern,
2A02:888:8252::/48,SA,SA-04,Eastern,
2A02:888:8255::/64,SA,SA-04,Eastern,
2A02:888:8253::/48,SA,SA-04,Eastern,
2A02:888:8254::/48,SA,SA-04,Eastern,
2A02:888:8244::/48,SA,SA-04,Eastern,
2A02:888:8247::/64,SA,SA-04,Eastern,
2A02:888:8245::/48,SA,SA-04,Eastern,
2A02:888:8246::/48,SA,SA-04,Eastern,
2A02:888:8248::/48,SA,SA-04,Eastern,
2A02:888:8251::/64,SA,SA-04,Eastern,
2A02:888:8249::/48,SA,SA-04,Eastern,
2A02:888:8250::/48,SA,SA-04,Eastern,
2A02:888:8240::/48,SA,SA-04,Eastern,
2A02:888:8243::/64,SA,SA-04,Eastern,
2A02:888:8241::/48,SA,SA-04,Eastern,
2A02:888:8242::/48,SA,SA-04,Eastern,
2A02:88D:8230::/48,SA,SA-04,Eastern,
2A02:88D:823F::/64,SA,SA-04,Eastern,
2A02:88D:8239::/48,SA,SA-04,Eastern,
2A02:88D:823A::/48,SA,SA-04,Eastern,
2A02:88D:823B::/48,SA,SA-04,Eastern,
2A02:88D:823C::/48,SA,SA-04,Eastern,
2A02:88D:823D::/48,SA,SA-04,Eastern,
2A02:88D:823E::/48,SA,SA-04,Eastern,
2A02:88D:8231::/48,SA,SA-04,Eastern,
2A02:88D:8232::/48,SA,SA-04,Eastern,
2A02:88D:8233::/48,SA,SA-04,Eastern,
2A02:88D:8234::/48,SA,SA-04,Eastern,
2A02:88D:8235::/48,SA,SA-04,Eastern,
2A02:88D:8236::/48,SA,SA-04,Eastern,
2A02:88D:8237::/48,SA,SA-04,Eastern,
2A02:88D:8238::/48,SA,SA-04,Eastern,
2A02:88D:8210::/48,SA,SA-04,Eastern,
2A02:88D:821F::/64,SA,SA-04,Eastern,
2A02:88D:8219::/48,SA,SA-04,Eastern,
2A02:88D:821A::/48,SA,SA-04,Eastern,
2A02:88D:821B::/48,SA,SA-04,Eastern,
2A02:88D:821C::/48,SA,SA-04,Eastern,
2A02:88D:821D::/48,SA,SA-04,Eastern,
2A02:88D:821E::/48,SA,SA-04,Eastern,
2A02:88D:8211::/48,SA,SA-04,Eastern,
2A02:88D:8212::/48,SA,SA-04,Eastern,
2A02:88D:8213::/48,SA,SA-04,Eastern,
2A02:88D:8214::/48,SA,SA-04,Eastern,
2A02:88D:8215::/48,SA,SA-04,Eastern,
2A02:88D:8216::/48,SA,SA-04,Eastern,
2A02:88D:8217::/48,SA,SA-04,Eastern,
2A02:88D:8218::/48,SA,SA-04,Eastern,
2A02:88D:8220::/48,SA,SA-04,Eastern,
2A02:88D:822F::/64,SA,SA-04,Eastern,
2A02:88D:8229::/48,SA,SA-04,Eastern,
2A02:88D:822A::/48,SA,SA-04,Eastern,
2A02:88D:822B::/48,SA,SA-04,Eastern,
2A02:88D:822C::/48,SA,SA-04,Eastern,
2A02:88D:822D::/48,SA,SA-04,Eastern,
2A02:88D:822E::/48,SA,SA-04,Eastern,
2A02:88D:8221::/48,SA,SA-04,Eastern,
2A02:88D:8222::/48,SA,SA-04,Eastern,
2A02:88D:8223::/48,SA,SA-04,Eastern,
2A02:88D:8224::/48,SA,SA-04,Eastern,
2A02:88D:8225::/48,SA,SA-04,Eastern,
2A02:88D:8226::/48,SA,SA-04,Eastern,
2A02:88D:8227::/48,SA,SA-04,Eastern,
2A02:88D:8228::/48,SA,SA-04,Eastern,
2A02:88D:8200::/48,SA,SA-04,Eastern,
2A02:88D:820F::/64,SA,SA-04,Eastern,
2A02:88D:8209::/48,SA,SA-04,Eastern,
2A02:88D:820A::/48,SA,SA-04,Eastern,
2A02:88D:820B::/48,SA,SA-04,Eastern,
2A02:88D:820C::/48,SA,SA-04,Eastern,
2A02:88D:820D::/48,SA,SA-04,Eastern,
2A02:88D:820E::/48,SA,SA-04,Eastern,
2A02:88D:8201::/48,SA,SA-04,Eastern,
2A02:88D:8202::/48,SA,SA-04,Eastern,
2A02:88D:8203::/48,SA,SA-04,Eastern,
2A02:88D:8204::/48,SA,SA-04,Eastern,
2A02:88D:8205::/48,SA,SA-04,Eastern,
2A02:88D:8206::/48,SA,SA-04,Eastern,
2A02:88D:8207::/48,SA,SA-04,Eastern,
2A02:88D:8208::/48,SA,SA-04,Eastern,
